model,dataset,setting,injector,severity_tier,severity_value,severity_unit,seed,clean_ap50,clean_ap70,faulty_ap50,faulty_ap70,delta_ap50,delta_ap70,rel_drop_ap50,rel_drop_ap70,n_injections,n_frames,determinism_floor_ap50,determinism_floor_ap70,extra_metric,job_id,timestamp
cobevt,v2xset,perfect,none,clean,,,1234,0.849198,0.660305,0.849198,0.660305,0.000000,0.000000,0.000000,0.000000,0,2834,6.36e-05,8.01e-05,,557377,2026-08-05T15:13:25
cobevt,v2xset,perfect,pose_error,mild,0.2m/0.2deg,pose_sigma,1234,0.849198,0.660305,0.834587,0.596622,-0.014611,-0.063684,-0.017206,-0.096446,5922,2834,6.36e-05,8.01e-05,mean_abs_dx=0.1602;theory=0.1596,557377,2026-08-05T16:17:38
cobevt,v2xset,perfect,pose_error,moderate,0.4m/0.4deg,pose_sigma,1234,0.849198,0.660305,0.776023,0.463730,-0.073175,-0.196576,-0.086169,-0.297704,5922,2834,6.36e-05,8.01e-05,mean_abs_dx=0.3204;theory=0.3192,557377,2026-08-05T16:40:50
cobevt,v2xset,perfect,pose_error,severe,0.6m/0.6deg,pose_sigma,1234,0.849198,0.660305,0.687279,0.357194,-0.161919,-0.303112,-0.190673,-0.459047,5922,2834,6.36e-05,8.01e-05,mean_abs_dx=0.4806;theory=0.4787,557377,2026-08-05T16:56:30
cobevt,v2xset,perfect,latency,mild,100ms,latency_ms,1234,0.849198,0.660305,0.835558,0.592691,-0.013640,-0.067614,-0.016062,-0.102398,5884,2834,6.36e-05,8.01e-05,mean_delay_frames=1.000;nominal=1,557377,2026-08-05T17:09:30
cobevt,v2xset,perfect,latency,moderate,200ms,latency_ms,1234,0.849198,0.660305,0.732616,0.470333,-0.116582,-0.189973,-0.137285,-0.287704,5884,2834,6.36e-05,8.01e-05,mean_delay_frames=1.994;nominal=2,557377,2026-08-05T17:23:00
cobevt,v2xset,perfect,latency,severe,300ms,latency_ms,1234,0.849198,0.660305,0.602114,0.394381,-0.247084,-0.265924,-0.290961,-0.402729,5884,2834,6.36e-05,8.01e-05,mean_delay_frames=2.981;nominal=3,557377,2026-08-05T17:35:53
cobevt,v2xset,perfect,agent_drop,mild,0.25,drop_frac,1234,0.799082,0.615859,0.786192,0.592161,-0.012890,-0.023697,-0.016131,-0.038479,243,1055,6.36e-05,8.01e-05,"scene_agent_count=2,mean_dropped=0.230,n_scenes=7",557377,2026-08-05T17:47:10
cobevt,v2xset,perfect,agent_drop,mild,0.25,drop_frac,1234,0.874853,0.684509,0.849393,0.657815,-0.025461,-0.026694,-0.029103,-0.038998,372,778,6.36e-05,8.01e-05,"scene_agent_count=3,mean_dropped=0.478,n_scenes=7",557377,2026-08-05T17:47:10
cobevt,v2xset,perfect,agent_drop,mild,0.25,drop_frac,1234,0.852788,0.659476,0.820011,0.626265,-0.032777,-0.033210,-0.038435,-0.050359,500,693,6.36e-05,8.01e-05,"scene_agent_count=4,mean_dropped=0.722,n_scenes=3",557377,2026-08-05T17:47:10
cobevt,v2xset,perfect,agent_drop,mild,0.25,drop_frac,1234,0.879034,0.718234,0.849601,0.672775,-0.029433,-0.045459,-0.033483,-0.063292,313,308,6.36e-05,8.01e-05,"scene_agent_count=5,mean_dropped=1.016,n_scenes=2",557377,2026-08-05T17:47:10
cobevt,v2xset,perfect,agent_drop,moderate,0.50,drop_frac,1234,0.799082,0.615859,0.770487,0.566970,-0.028595,-0.048889,-0.035785,-0.079384,510,1055,6.36e-05,8.01e-05,"scene_agent_count=2,mean_dropped=0.483,n_scenes=7",557377,2026-08-05T17:58:53
cobevt,v2xset,perfect,agent_drop,moderate,0.50,drop_frac,1234,0.874853,0.684509,0.815460,0.608530,-0.059393,-0.075979,-0.067889,-0.110997,787,778,6.36e-05,8.01e-05,"scene_agent_count=3,mean_dropped=1.012,n_scenes=7",557377,2026-08-05T17:58:53
cobevt,v2xset,perfect,agent_drop,moderate,0.50,drop_frac,1234,0.852788,0.659476,0.781111,0.582435,-0.071677,-0.077040,-0.084051,-0.116821,1003,693,6.36e-05,8.01e-05,"scene_agent_count=4,mean_dropped=1.447,n_scenes=3",557377,2026-08-05T17:58:53
cobevt,v2xset,perfect,agent_drop,moderate,0.50,drop_frac,1234,0.879034,0.718234,0.823241,0.630777,-0.055794,-0.087458,-0.063472,-0.121768,616,308,6.36e-05,8.01e-05,"scene_agent_count=5,mean_dropped=2.000,n_scenes=2",557377,2026-08-05T17:58:53
cobevt,v2xset,perfect,agent_drop,severe,0.75,drop_frac,1234,0.799082,0.615859,0.753360,0.537843,-0.045721,-0.078016,-0.057217,-0.126678,791,1055,6.36e-05,8.01e-05,"scene_agent_count=2,mean_dropped=0.750,n_scenes=7",557377,2026-08-05T18:09:19
cobevt,v2xset,perfect,agent_drop,severe,0.75,drop_frac,1234,0.874853,0.684509,0.778927,0.556441,-0.095926,-0.128068,-0.109648,-0.187095,1169,778,6.36e-05,8.01e-05,"scene_agent_count=3,mean_dropped=1.503,n_scenes=7",557377,2026-08-05T18:09:19
cobevt,v2xset,perfect,agent_drop,severe,0.75,drop_frac,1234,0.852788,0.659476,0.732528,0.526456,-0.120260,-0.133020,-0.141020,-0.201706,1544,693,6.36e-05,8.01e-05,"scene_agent_count=4,mean_dropped=2.228,n_scenes=3",557377,2026-08-05T18:09:19
cobevt,v2xset,perfect,agent_drop,severe,0.75,drop_frac,1234,0.879034,0.718234,0.786410,0.586031,-0.092624,-0.132203,-0.105370,-0.184067,914,308,6.36e-05,8.01e-05,"scene_agent_count=5,mean_dropped=2.968,n_scenes=2",557377,2026-08-05T18:09:19
cobevt,v2xset,perfect,missing_modality,mild,0.25,drop_frac,1234,0.849198,0.660305,0.817026,0.626350,-0.032172,-0.033956,-0.037885,-0.051424,1475,2834,6.36e-05,8.01e-05,p=0.25;lidar_dropped=1475;rate=0.2491,557377,2026-08-05T18:22:33
cobevt,v2xset,perfect,missing_modality,moderate,0.50,drop_frac,1234,0.849198,0.660305,0.779827,0.585017,-0.069371,-0.075288,-0.081690,-0.114020,2937,2834,6.36e-05,8.01e-05,p=0.50;lidar_dropped=2937;rate=0.4959,557377,2026-08-05T18:36:53
cobevt,v2xset,perfect,missing_modality,severe,0.75,drop_frac,1234,0.849198,0.660305,0.733678,0.536325,-0.115520,-0.123980,-0.136034,-0.187762,4372,2834,6.36e-05,8.01e-05,p=0.75;lidar_dropped=4372;rate=0.7383,557377,2026-08-05T18:50:54
cobevt,v2xset,perfect,points_reduce,mild,0.30,keep_frac,1234,0.849198,0.660305,0.710937,0.490188,-0.138262,-0.170117,-0.162814,-0.257634,8756,2834,6.36e-05,8.01e-05,kept_frac=0.3000,557377,2026-08-05T19:04:01
cobevt,v2xset,perfect,points_reduce,moderate,0.20,keep_frac,1234,0.849198,0.660305,0.646651,0.422786,-0.202547,-0.237520,-0.238516,-0.359712,8756,2834,6.36e-05,8.01e-05,kept_frac=0.2000,557377,2026-08-05T19:30:51
cobevt,v2xset,perfect,points_reduce,severe,0.10,keep_frac,1234,0.849198,0.660305,0.512964,0.305436,-0.336234,-0.354869,-0.395943,-0.537432,8756,2834,6.36e-05,8.01e-05,kept_frac=0.1000,557377,2026-08-05T19:51:21
cobevt,v2xset,perfect,lidar_fog,mild,sev1,mc_severity,1234,0.849198,0.660305,0.651899,0.506744,-0.197299,-0.153561,-0.232336,-0.232561,8756,2834,6.36e-05,8.01e-05,meanI_in=0.9421;meanI_out=0.6204,560218,2026-08-10T19:15:28
cobevt,v2xset,perfect,lidar_fog,moderate,sev2,mc_severity,1234,0.849198,0.660305,0.579434,0.445753,-0.269764,-0.214553,-0.317669,-0.324930,8756,2834,6.36e-05,8.01e-05,meanI_in=0.9421;meanI_out=0.5242,560218,2026-08-10T19:27:01
cobevt,v2xset,perfect,lidar_fog,severe,sev3,mc_severity,1234,0.849198,0.660305,0.135421,0.082391,-0.713778,-0.577914,-0.840531,-0.875223,8756,2834,6.36e-05,8.01e-05,meanI_in=0.9421;meanI_out=0.5232,560218,2026-08-10T19:38:43
cobevt,v2xset,perfect,lidar_snow,mild,sev1,mc_severity,1234,0.849198,0.660305,0.445742,0.266376,-0.403456,-0.393930,-0.475102,-0.596587,8756,2834,6.36e-05,8.01e-05,removed_frac=0.3991,557378,2026-08-06T00:31:37
cobevt,v2xset,perfect,lidar_snow,moderate,sev2,mc_severity,1234,0.849198,0.660305,0.424948,0.256580,-0.424250,-0.403726,-0.499589,-0.611422,8756,2834,6.36e-05,8.01e-05,removed_frac=0.3227,557378,2026-08-06T06:33:32
cobevt,v2xset,perfect,lidar_snow,severe,sev3,mc_severity,1234,0.849198,0.660305,0.358081,0.212334,-0.491117,-0.447971,-0.578331,-0.678430,8756,2834,6.36e-05,8.01e-05,removed_frac=0.2900,557378,2026-08-06T11:50:20
where2comm,v2xset,noisy,none,clean,,,1234,0.819729,0.533974,0.819729,0.533974,0.000000,0.000000,0.000000,0.000000,0,2834,0.00e+00,0.00e+00,,559458,2026-08-09T01:54:38
where2comm,v2xset,noisy,pose_error,mild,0.2m/0.2deg,pose_sigma,1234,0.819729,0.533974,0.799493,0.484888,-0.020236,-0.049087,-0.024687,-0.091927,5922,2834,0.00e+00,0.00e+00,mean_abs_dx=0.1602;theory=0.1596,559458,2026-08-09T02:28:54
where2comm,v2xset,noisy,pose_error,moderate,0.4m/0.4deg,pose_sigma,1234,0.819729,0.533974,0.741687,0.392504,-0.078042,-0.141471,-0.095205,-0.264939,5922,2834,0.00e+00,0.00e+00,mean_abs_dx=0.3204;theory=0.3192,559458,2026-08-09T02:40:28
where2comm,v2xset,noisy,pose_error,severe,0.6m/0.6deg,pose_sigma,1234,0.819729,0.533974,0.669813,0.320447,-0.149917,-0.213528,-0.182886,-0.399884,5922,2834,0.00e+00,0.00e+00,mean_abs_dx=0.4806;theory=0.4787,559458,2026-08-09T02:51:03
where2comm,v2xset,noisy,latency,mild,100ms,latency_ms,1234,0.819729,0.533974,0.819729,0.533974,0.000000,0.000000,0.000000,0.000000,5884,2834,0.00e+00,0.00e+00,mean_delay_frames=1.000;nominal=1,559458,2026-08-09T03:01:44
where2comm,v2xset,noisy,latency,moderate,200ms,latency_ms,1234,0.819729,0.533974,0.709151,0.404715,-0.110579,-0.129259,-0.134897,-0.242070,5884,2834,0.00e+00,0.00e+00,mean_delay_frames=1.994;nominal=2,559458,2026-08-09T03:11:58
where2comm,v2xset,noisy,latency,severe,300ms,latency_ms,1234,0.819729,0.533974,0.599358,0.362930,-0.220371,-0.171044,-0.268834,-0.320323,5884,2834,0.00e+00,0.00e+00,mean_delay_frames=2.981;nominal=3,559458,2026-08-09T03:22:27
where2comm,v2xset,noisy,agent_drop,mild,0.25,drop_frac,1234,0.787861,0.532065,0.775984,0.516372,-0.011877,-0.015693,-0.015075,-0.029494,243,1055,0.00e+00,0.00e+00,"scene_agent_count=2,mean_dropped=0.230,n_scenes=7",559458,2026-08-09T03:32:17
where2comm,v2xset,noisy,agent_drop,mild,0.25,drop_frac,1234,0.856351,0.567424,0.839215,0.552560,-0.017136,-0.014864,-0.020011,-0.026196,372,778,0.00e+00,0.00e+00,"scene_agent_count=3,mean_dropped=0.478,n_scenes=7",559458,2026-08-09T03:32:17
where2comm,v2xset,noisy,agent_drop,mild,0.25,drop_frac,1234,0.831859,0.554466,0.807126,0.537677,-0.024734,-0.016789,-0.029733,-0.030280,500,693,0.00e+00,0.00e+00,"scene_agent_count=4,mean_dropped=0.722,n_scenes=3",559458,2026-08-09T03:32:17
where2comm,v2xset,noisy,agent_drop,mild,0.25,drop_frac,1234,0.827908,0.535433,0.823588,0.536628,-0.004319,0.001195,-0.005217,0.002232,313,308,0.00e+00,0.00e+00,"scene_agent_count=5,mean_dropped=1.016,n_scenes=2",559458,2026-08-09T03:32:17
where2comm,v2xset,noisy,agent_drop,moderate,0.50,drop_frac,1234,0.787861,0.532065,0.760698,0.499698,-0.027163,-0.032367,-0.034477,-0.060832,510,1055,0.00e+00,0.00e+00,"scene_agent_count=2,mean_dropped=0.483,n_scenes=7",559458,2026-08-09T03:41:41
where2comm,v2xset,noisy,agent_drop,moderate,0.50,drop_frac,1234,0.856351,0.567424,0.810668,0.528275,-0.045683,-0.039149,-0.053346,-0.068994,787,778,0.00e+00,0.00e+00,"scene_agent_count=3,mean_dropped=1.012,n_scenes=7",559458,2026-08-09T03:41:41
where2comm,v2xset,noisy,agent_drop,moderate,0.50,drop_frac,1234,0.831859,0.554466,0.767743,0.511154,-0.064116,-0.043313,-0.077076,-0.078116,1003,693,0.00e+00,0.00e+00,"scene_agent_count=4,mean_dropped=1.447,n_scenes=3",559458,2026-08-09T03:41:41
where2comm,v2xset,noisy,agent_drop,moderate,0.50,drop_frac,1234,0.827908,0.535433,0.816087,0.531995,-0.011820,-0.003438,-0.014278,-0.006422,616,308,0.00e+00,0.00e+00,"scene_agent_count=5,mean_dropped=2.000,n_scenes=2",559458,2026-08-09T03:41:41
where2comm,v2xset,noisy,agent_drop,severe,0.75,drop_frac,1234,0.787861,0.532065,0.747460,0.487593,-0.040401,-0.044472,-0.051279,-0.083584,791,1055,0.00e+00,0.00e+00,"scene_agent_count=2,mean_dropped=0.750,n_scenes=7",559458,2026-08-09T03:50:46
where2comm,v2xset,noisy,agent_drop,severe,0.75,drop_frac,1234,0.856351,0.567424,0.780164,0.506745,-0.076187,-0.060679,-0.088967,-0.106938,1169,778,0.00e+00,0.00e+00,"scene_agent_count=3,mean_dropped=1.503,n_scenes=7",559458,2026-08-09T03:50:46
where2comm,v2xset,noisy,agent_drop,severe,0.75,drop_frac,1234,0.831859,0.554466,0.714900,0.468134,-0.116960,-0.086332,-0.140600,-0.155703,1544,693,0.00e+00,0.00e+00,"scene_agent_count=4,mean_dropped=2.228,n_scenes=3",559458,2026-08-09T03:50:46
where2comm,v2xset,noisy,agent_drop,severe,0.75,drop_frac,1234,0.827908,0.535433,0.793040,0.520674,-0.034868,-0.014759,-0.042116,-0.027565,914,308,0.00e+00,0.00e+00,"scene_agent_count=5,mean_dropped=2.968,n_scenes=2",559458,2026-08-09T03:50:46
where2comm,v2xset,noisy,missing_modality,mild,0.25,drop_frac,1234,0.819729,0.533974,0.791631,0.520027,-0.028098,-0.013947,-0.034277,-0.026120,1475,2834,0.00e+00,0.00e+00,p=0.25;lidar_dropped=1475;rate=0.2491,559458,2026-08-09T04:00:38
where2comm,v2xset,noisy,missing_modality,moderate,0.50,drop_frac,1234,0.819729,0.533974,0.760628,0.499509,-0.059101,-0.034466,-0.072098,-0.064546,2937,2834,0.00e+00,0.00e+00,p=0.50;lidar_dropped=2937;rate=0.4959,559458,2026-08-09T04:10:19
where2comm,v2xset,noisy,missing_modality,severe,0.75,drop_frac,1234,0.819729,0.533974,0.720093,0.470474,-0.099636,-0.063501,-0.121547,-0.118921,4372,2834,0.00e+00,0.00e+00,p=0.75;lidar_dropped=4372;rate=0.7383,559458,2026-08-09T04:19:57
where2comm,v2xset,noisy,points_reduce,mild,0.30,keep_frac,1234,0.819729,0.533974,0.670857,0.392781,-0.148873,-0.141194,-0.181612,-0.264420,8756,2834,0.00e+00,0.00e+00,kept_frac=0.3000,559458,2026-08-09T04:29:20
where2comm,v2xset,noisy,points_reduce,moderate,0.20,keep_frac,1234,0.819729,0.533974,0.595810,0.335503,-0.223920,-0.198472,-0.273163,-0.371688,8756,2834,0.00e+00,0.00e+00,kept_frac=0.2000,559458,2026-08-09T04:38:35
where2comm,v2xset,noisy,points_reduce,severe,0.10,keep_frac,1234,0.819729,0.533974,0.449617,0.237642,-0.370112,-0.296332,-0.451505,-0.554955,8756,2834,0.00e+00,0.00e+00,kept_frac=0.1000,559458,2026-08-09T04:47:11
where2comm,v2xset,noisy,lidar_fog,mild,sev1,mc_severity,1234,0.819729,0.533974,0.472404,0.290054,-0.347325,-0.243921,-0.423707,-0.456803,8756,2834,0.00e+00,0.00e+00,meanI_in=0.9421;meanI_out=0.6204,560220,2026-08-10T21:15:44
where2comm,v2xset,noisy,lidar_fog,moderate,sev2,mc_severity,1234,0.819729,0.533974,0.331727,0.204345,-0.488002,-0.329629,-0.595321,-0.617313,8756,2834,0.00e+00,0.00e+00,meanI_in=0.9421;meanI_out=0.5243,560220,2026-08-10T21:26:22
where2comm,v2xset,noisy,lidar_fog,severe,sev3,mc_severity,1234,0.819729,0.533974,0.024747,0.006659,-0.794982,-0.527315,-0.969811,-0.987529,8756,2834,0.00e+00,0.00e+00,meanI_in=0.9421;meanI_out=0.5233,560220,2026-08-10T21:37:28
where2comm,v2xset,noisy,lidar_snow,mild,sev1,mc_severity,1234,0.819729,0.533974,0.449569,0.222834,-0.370160,-0.311140,-0.451564,-0.582687,8756,2834,0.00e+00,0.00e+00,removed_frac=0.3970,559460,2026-08-09T12:23:33
where2comm,v2xset,noisy,lidar_snow,moderate,sev2,mc_severity,1234,0.819729,0.533974,0.457002,0.234162,-0.362727,-0.299813,-0.442497,-0.561474,8756,2834,0.00e+00,0.00e+00,removed_frac=0.3205,559460,2026-08-09T19:43:04
where2comm,v2xset,noisy,lidar_snow,severe,sev3,mc_severity,1234,0.819729,0.533974,0.413183,0.207529,-0.406546,-0.326445,-0.495951,-0.611350,8756,2834,0.00e+00,0.00e+00,removed_frac=0.2877,559460,2026-08-10T02:08:30
cosdh,opv2v,perfect,none,clean,,,1234,0.966029,0.928910,0.966029,0.928910,0.000000,0.000000,0.000000,0.000000,0,2170,0.00e+00,0.00e+00,,,2026-08-13T20:03:27
cosdh,opv2v,perfect,pose_error,mild,0.2m/0.2deg,pose_sigma,1234,0.966029,0.928910,0.954512,0.808302,-0.011516,-0.120608,-0.011921,-0.129838,3815,2170,0.00e+00,0.00e+00,mean_abs_dx=0.1599;theory=0.1596,,2026-08-13T20:43:02
cosdh,opv2v,perfect,pose_error,moderate,0.4m/0.4deg,pose_sigma,1234,0.966029,0.928910,0.827149,0.541508,-0.138880,-0.387402,-0.143764,-0.417050,3815,2170,0.00e+00,0.00e+00,mean_abs_dx=0.3197;theory=0.3192,,2026-08-13T20:56:12
cosdh,opv2v,perfect,pose_error,severe,0.6m/0.6deg,pose_sigma,1234,0.966029,0.928910,0.627687,0.375497,-0.338342,-0.553414,-0.350240,-0.595767,3815,2170,0.00e+00,0.00e+00,mean_abs_dx=0.4796;theory=0.4787,,2026-08-13T21:09:33
cosdh,opv2v,perfect,latency,mild,100ms,latency_ms,1234,0.966029,0.928910,0.931513,0.620306,-0.034516,-0.308605,-0.035730,-0.332222,3786,2170,0.00e+00,0.00e+00,mean_delay_frames=1.000;nominal=1,,2026-08-13T21:25:59
cosdh,opv2v,perfect,latency,moderate,200ms,latency_ms,1234,0.966029,0.928910,0.627242,0.424239,-0.338787,-0.504671,-0.350701,-0.543293,3786,2170,0.00e+00,0.00e+00,mean_delay_frames=1.992;nominal=2,,2026-08-13T21:42:49
cosdh,opv2v,perfect,latency,severe,300ms,latency_ms,1234,0.966029,0.928910,0.526693,0.400264,-0.439335,-0.528646,-0.454785,-0.569104,3786,2170,0.00e+00,0.00e+00,mean_delay_frames=2.977;nominal=3,,2026-08-13T22:00:01
cosdh,opv2v,perfect,points_reduce,mild,0.30,keep_frac,1234,0.966029,0.928910,0.891238,0.812425,-0.074791,-0.116485,-0.077421,-0.125400,5985,2170,0.00e+00,0.00e+00,kept_frac=0.3000,,2026-08-13T22:39:14
cosdh,opv2v,perfect,points_reduce,moderate,0.20,keep_frac,1234,0.966029,0.928910,0.840447,0.748280,-0.125581,-0.180631,-0.129998,-0.194454,5985,2170,0.00e+00,0.00e+00,kept_frac=0.2000,,2026-08-13T22:51:28
cosdh,opv2v,perfect,points_reduce,severe,0.10,keep_frac,1234,0.966029,0.928910,0.728058,0.615806,-0.237971,-0.313104,-0.246339,-0.337066,5985,2170,0.00e+00,0.00e+00,kept_frac=0.1000,,2026-08-13T23:03:24
cosdh,opv2v,perfect,lidar_fog,mild,sev1,mc_severity,1234,0.966029,0.928910,0.790745,0.751064,-0.175284,-0.177846,-0.181448,-0.191457,5985,2170,0.00e+00,0.00e+00,meanI_in=0.9467;meanI_out=0.6404,,2026-08-13T20:53:07
cosdh,opv2v,perfect,lidar_fog,moderate,sev2,mc_severity,1234,0.966029,0.928910,0.721645,0.680468,-0.244384,-0.248442,-0.252978,-0.267456,5985,2170,0.00e+00,0.00e+00,meanI_in=0.9467;meanI_out=0.5453,,2026-08-13T21:16:18
cosdh,opv2v,perfect,lidar_fog,severe,sev3,mc_severity,1234,0.966029,0.928910,0.277159,0.239037,-0.688870,-0.689873,-0.713095,-0.742669,5985,2170,0.00e+00,0.00e+00,meanI_in=0.9467;meanI_out=0.5153,,2026-08-13T21:40:41
cosdh,opv2v,perfect,lidar_snow,mild,sev1,mc_severity,1234,0.966029,0.928910,0.787200,0.647369,-0.178829,-0.281541,-0.185118,-0.303088,5985,2170,0.00e+00,0.00e+00,removed_frac=0.5815,,2026-08-14T13:00:34
cosdh,opv2v,perfect,lidar_snow,moderate,sev2,mc_severity,1234,0.966029,0.928910,0.738004,0.604389,-0.228025,-0.324521,-0.236043,-0.349357,5985,2170,0.00e+00,0.00e+00,removed_frac=0.5197,,2026-08-15T00:53:33
cosdh,opv2v,perfect,lidar_snow,severe,sev3,mc_severity,1234,0.966029,0.928910,0.655174,0.523770,-0.310855,-0.405140,-0.321787,-0.436145,5985,2170,0.00e+00,0.00e+00,removed_frac=0.4932,,2026-08-18T05:55:09
v2xvit,v2xset,noisy,none,clean,,,1234,0.840875,0.616377,0.840875,0.616377,0.000000,0.000000,0.000000,0.000000,0,2834,0.00e+00,0.00e+00,,558720,2026-08-07T03:31:10
v2xvit,v2xset,noisy,pose_error,mild,0.2m/0.2deg,pose_sigma,1234,0.840875,0.616377,0.828169,0.598628,-0.012706,-0.017749,-0.015110,-0.028796,5922,2834,0.00e+00,0.00e+00,mean_abs_dx=0.1602;theory=0.1596,558720,2026-08-07T04:26:06
v2xvit,v2xset,noisy,pose_error,moderate,0.4m/0.4deg,pose_sigma,1234,0.840875,0.616377,0.794788,0.555412,-0.046088,-0.060965,-0.054809,-0.098909,5922,2834,0.00e+00,0.00e+00,mean_abs_dx=0.3204;theory=0.3192,558720,2026-08-07T04:44:29
v2xvit,v2xset,noisy,pose_error,severe,0.6m/0.6deg,pose_sigma,1234,0.840875,0.616377,0.758580,0.515870,-0.082295,-0.100507,-0.097868,-0.163062,5922,2834,0.00e+00,0.00e+00,mean_abs_dx=0.4806;theory=0.4787,558720,2026-08-07T05:02:56
v2xvit,v2xset,noisy,latency,mild,100ms,latency_ms,1234,0.840875,0.616377,0.840875,0.616377,0.000000,0.000000,0.000000,0.000000,5884,2834,0.00e+00,0.00e+00,mean_delay_frames=1.000;nominal=1,558720,2026-08-07T05:21:26
v2xvit,v2xset,noisy,latency,moderate,200ms,latency_ms,1234,0.840875,0.616377,0.774330,0.545849,-0.066545,-0.070528,-0.079138,-0.114424,5884,2834,0.00e+00,0.00e+00,mean_delay_frames=1.994;nominal=2,558720,2026-08-07T05:39:44
v2xvit,v2xset,noisy,latency,severe,300ms,latency_ms,1234,0.840875,0.616377,0.692949,0.498431,-0.147926,-0.117946,-0.175919,-0.191354,5884,2834,0.00e+00,0.00e+00,mean_delay_frames=2.981;nominal=3,558720,2026-08-07T05:58:04
v2xvit,v2xset,noisy,agent_drop,mild,0.25,drop_frac,1234,0.834785,0.644939,0.826823,0.637048,-0.007962,-0.007891,-0.009538,-0.012235,243,1055,0.00e+00,0.00e+00,"scene_agent_count=2,mean_dropped=0.230,n_scenes=7",558720,2026-08-07T06:16:11
v2xvit,v2xset,noisy,agent_drop,mild,0.25,drop_frac,1234,0.840939,0.589082,0.820165,0.568916,-0.020774,-0.020166,-0.024704,-0.034233,372,778,0.00e+00,0.00e+00,"scene_agent_count=3,mean_dropped=0.478,n_scenes=7",558720,2026-08-07T06:16:11
v2xvit,v2xset,noisy,agent_drop,mild,0.25,drop_frac,1234,0.836801,0.651390,0.804121,0.618361,-0.032680,-0.033029,-0.039054,-0.050705,500,693,0.00e+00,0.00e+00,"scene_agent_count=4,mean_dropped=0.722,n_scenes=3",558720,2026-08-07T06:16:11
v2xvit,v2xset,noisy,agent_drop,mild,0.25,drop_frac,1234,0.863538,0.617617,0.846258,0.611424,-0.017281,-0.006193,-0.020011,-0.010028,313,308,0.00e+00,0.00e+00,"scene_agent_count=5,mean_dropped=1.016,n_scenes=2",558720,2026-08-07T06:16:11
v2xvit,v2xset,noisy,agent_drop,moderate,0.50,drop_frac,1234,0.834785,0.644939,0.818645,0.629941,-0.016140,-0.014998,-0.019334,-0.023255,510,1055,0.00e+00,0.00e+00,"scene_agent_count=2,mean_dropped=0.483,n_scenes=7",558720,2026-08-07T06:33:55
v2xvit,v2xset,noisy,agent_drop,moderate,0.50,drop_frac,1234,0.840939,0.589082,0.798475,0.555811,-0.042464,-0.033271,-0.050496,-0.056479,787,778,0.00e+00,0.00e+00,"scene_agent_count=3,mean_dropped=1.012,n_scenes=7",558720,2026-08-07T06:33:55
v2xvit,v2xset,noisy,agent_drop,moderate,0.50,drop_frac,1234,0.836801,0.651390,0.769303,0.581142,-0.067498,-0.070248,-0.080662,-0.107844,1003,693,0.00e+00,0.00e+00,"scene_agent_count=4,mean_dropped=1.447,n_scenes=3",558720,2026-08-07T06:33:55
v2xvit,v2xset,noisy,agent_drop,moderate,0.50,drop_frac,1234,0.863538,0.617617,0.832294,0.598483,-0.031245,-0.019134,-0.036182,-0.030981,616,308,0.00e+00,0.00e+00,"scene_agent_count=5,mean_dropped=2.000,n_scenes=2",558720,2026-08-07T06:33:55
v2xvit,v2xset,noisy,agent_drop,severe,0.75,drop_frac,1234,0.834785,0.644939,0.809595,0.621717,-0.025190,-0.023222,-0.030175,-0.036006,791,1055,0.00e+00,0.00e+00,"scene_agent_count=2,mean_dropped=0.750,n_scenes=7",558720,2026-08-07T06:51:13
v2xvit,v2xset,noisy,agent_drop,severe,0.75,drop_frac,1234,0.840939,0.589082,0.784720,0.547198,-0.056219,-0.041884,-0.066852,-0.071100,1169,778,0.00e+00,0.00e+00,"scene_agent_count=3,mean_dropped=1.503,n_scenes=7",558720,2026-08-07T06:51:13
v2xvit,v2xset,noisy,agent_drop,severe,0.75,drop_frac,1234,0.836801,0.651390,0.735710,0.548699,-0.101091,-0.102691,-0.120807,-0.157649,1544,693,0.00e+00,0.00e+00,"scene_agent_count=4,mean_dropped=2.228,n_scenes=3",558720,2026-08-07T06:51:13
v2xvit,v2xset,noisy,agent_drop,severe,0.75,drop_frac,1234,0.863538,0.617617,0.818034,0.583780,-0.045504,-0.033837,-0.052695,-0.054787,914,308,0.00e+00,0.00e+00,"scene_agent_count=5,mean_dropped=2.968,n_scenes=2",558720,2026-08-07T06:51:13
v2xvit,v2xset,noisy,missing_modality,mild,0.25,drop_frac,1234,0.840875,0.616377,0.824736,0.600447,-0.016139,-0.015930,-0.019193,-0.025845,1475,2834,0.00e+00,0.00e+00,p=0.25;lidar_dropped=1475;rate=0.2491,558720,2026-08-07T07:09:24
v2xvit,v2xset,noisy,missing_modality,moderate,0.50,drop_frac,1234,0.840875,0.616377,0.809610,0.586038,-0.031266,-0.030339,-0.037182,-0.049222,2937,2834,0.00e+00,0.00e+00,p=0.50;lidar_dropped=2937;rate=0.4959,558720,2026-08-07T07:27:21
v2xvit,v2xset,noisy,missing_modality,severe,0.75,drop_frac,1234,0.840875,0.616377,0.790749,0.572709,-0.050126,-0.043668,-0.059612,-0.070846,4372,2834,0.00e+00,0.00e+00,p=0.75;lidar_dropped=4372;rate=0.7383,558720,2026-08-07T07:45:03
v2xvit,v2xset,noisy,points_reduce,mild,0.30,keep_frac,1234,0.840875,0.616377,0.682373,0.426135,-0.158502,-0.190242,-0.188497,-0.308646,8756,2834,0.00e+00,0.00e+00,kept_frac=0.3000,558720,2026-08-07T08:02:56
v2xvit,v2xset,noisy,points_reduce,moderate,0.20,keep_frac,1234,0.840875,0.616377,0.606007,0.358279,-0.234869,-0.258098,-0.279315,-0.418734,8756,2834,0.00e+00,0.00e+00,kept_frac=0.2000,558720,2026-08-07T08:20:34
v2xvit,v2xset,noisy,points_reduce,severe,0.10,keep_frac,1234,0.840875,0.616377,0.476406,0.243700,-0.364470,-0.372677,-0.433441,-0.604626,8756,2834,0.00e+00,0.00e+00,kept_frac=0.1000,558720,2026-08-07T08:37:48
v2xvit,v2xset,noisy,lidar_fog,mild,sev1,mc_severity,1234,0.840875,0.616377,0.554579,0.365580,-0.286296,-0.250797,-0.340474,-0.406889,8756,2834,0.00e+00,0.00e+00,meanI_in=0.9421;meanI_out=0.6204,560219,2026-08-10T19:05:05
v2xvit,v2xset,noisy,lidar_fog,moderate,sev2,mc_severity,1234,0.840875,0.616377,0.481160,0.297898,-0.359715,-0.318479,-0.427786,-0.516695,8756,2834,0.00e+00,0.00e+00,meanI_in=0.9421;meanI_out=0.5243,560219,2026-08-10T19:21:50
v2xvit,v2xset,noisy,lidar_fog,severe,sev3,mc_severity,1234,0.840875,0.616377,0.138584,0.068463,-0.702291,-0.547914,-0.835191,-0.888927,8756,2834,0.00e+00,0.00e+00,meanI_in=0.9421;meanI_out=0.5233,560219,2026-08-10T19:39:01
v2xvit,v2xset,noisy,lidar_snow,mild,sev1,mc_severity,1234,0.840875,0.616377,0.360628,0.191575,-0.480248,-0.424802,-0.571128,-0.689191,8756,2834,0.00e+00,0.00e+00,removed_frac=0.3970,558721,2026-08-08T01:53:40
v2xvit,v2xset,noisy,lidar_snow,moderate,sev2,mc_severity,1234,0.840875,0.616377,0.321618,0.172867,-0.519257,-0.443510,-0.617520,-0.719543,8756,2834,0.00e+00,0.00e+00,removed_frac=0.3205,559219,2026-08-08T09:37:44
v2xvit,v2xset,noisy,lidar_snow,severe,sev3,mc_severity,1234,0.840875,0.616377,0.260618,0.134481,-0.580257,-0.481895,-0.690063,-0.781819,8756,2834,0.00e+00,0.00e+00,removed_frac=0.2877,559219,2026-08-08T14:20:23
